ARS_V,GEN_V,BEZ_V,n_gemeinden
71110000,Koblenz,Verbandsfreie Gemeinde,1
71310007,Bad Neuenahr-Ahrweiler,Verbandsfreie Gemeinde,1
71310070,Remagen,Verbandsfreie Gemeinde,1
71310077,Sinzig,Verbandsfreie Gemeinde,1
71310090,Grafschaft,Verbandsfreie Gemeinde,1
71315001,Adenau,Verbandsgemeinde,37
71315002,Altenahr,Verbandsgemeinde,12
71315003,Bad Breisig,Verbandsgemeinde,4
71315004,Brohltal,Verbandsgemeinde,17
71325003,Daaden-Herdorf,Verbandsgemeinde,10
71325006,Hamm (Sieg),Verbandsgemeinde,12
71325007,Kirchen (Sieg),Verbandsgemeinde,6
71325008,Wissen,Verbandsgemeinde,6
71325009,Betzdorf-Gebhardshain,Verbandsgemeinde,17
71325010,Altenkirchen-Flammersfeld,Verbandsgemeinde,67
71330006,Bad Kreuznach,Verbandsfreie Gemeinde,1
71335001,Bad Kreuznach,Verbandsgemeinde,13
71335006,Rüdesheim,Verbandsgemeinde,32
71335009,Kirner Land,Verbandsgemeinde,21
71335010,Nahe-Glan,Verbandsgemeinde,34
71335011,Langenlonsheim-Stromberg,Verbandsgemeinde,17
71340045,Idar-Oberstein,Verbandsfreie Gemeinde,1
71345001,Baumholder,Verbandsgemeinde,14
71345002,Birkenfeld,Verbandsgemeinde,31
71345005,Herrstein-Rhaunen,Verbandsgemeinde,50
71355001,Cochem,Verbandsgemeinde,23
71355002,Kaisersesch,Verbandsgemeinde,26
71355003,Ulmen,Verbandsgemeinde,16
71355005,Zell (Mosel),Verbandsgemeinde,24
71370003,Andernach,Verbandsfreie Gemeinde,1
71370068,Mayen,Verbandsfreie Gemeinde,1
71370203,Bendorf,Verbandsfreie Gemeinde,1
71375001,Pellenz,Verbandsgemeinde,5
71375002,Maifeld,Verbandsgemeinde,18
71375003,Vordereifel,Verbandsgemeinde,27
71375004,Mendig,Verbandsgemeinde,5
71375007,Vallendar,Verbandsgemeinde,4
71375008,Weißenthurm,Verbandsgemeinde,7
71375009,Rhein-Mosel,Verbandsgemeinde,18
71380045,Neuwied,Verbandsfreie Gemeinde,1
71385001,Asbach,Verbandsgemeinde,4
71385002,Bad Hönningen,Verbandsgemeinde,4
71385003,Dierdorf,Verbandsgemeinde,6
71385004,Linz am Rhein,Verbandsgemeinde,7
71385005,Puderbach,Verbandsgemeinde,16
71385007,Unkel,Verbandsgemeinde,4
71385009,Rengsdorf-Waldbreitbach,Verbandsgemeinde,20
71400501,Boppard,Verbandsfreie Gemeinde,1
71405003,Kastellaun,Verbandsgemeinde,19
71405004,Kirchberg (Hunsrück),Verbandsgemeinde,40
71405008,Simmern-Rheinböllen,Verbandsgemeinde,44
71405009,Hunsrück-Mittelrhein,Verbandsgemeinde,33
71410075,Lahnstein,Verbandsfreie Gemeinde,1
71415003,Diez,Verbandsgemeinde,23
71415007,Nastätten,Verbandsgemeinde,32
71415009,Loreley,Verbandsgemeinde,22
71415010,Bad Ems-Nassau,Verbandsgemeinde,28
71415011,Aar-Einrich,Verbandsgemeinde,31
71435001,Bad Marienberg (Westerwald),Verbandsgemeinde,18
71435002,Hachenburg,Verbandsgemeinde,33
71435003,Höhr-Grenzhausen,Verbandsgemeinde,4
71435004,Montabaur,Verbandsgemeinde,25
71435005,Ransbach-Baumbach,Verbandsgemeinde,11
71435006,Rennerod,Verbandsgemeinde,23
71435007,Selters (Westerwald),Verbandsgemeinde,21
71435008,Wallmerod,Verbandsgemeinde,21
71435009,Westerburg,Verbandsgemeinde,24
71435010,Wirges,Verbandsgemeinde,12
72110000,Trier,Verbandsfreie Gemeinde,1
72310134,Wittlich,Verbandsfreie Gemeinde,1
72310502,Morbach,Verbandsfreie Gemeinde,1
72315001,Bernkastel-Kues,Verbandsgemeinde,23
72315006,Thalfang am Erbeskopf,Verbandsgemeinde,21
72315008,Wittlich-Land,Verbandsgemeinde,45
72315009,Traben-Trarbach,Verbandsgemeinde,16
72320018,Bitburg,Verbandsfreie Gemeinde,1
72325001,Arzfeld,Verbandsgemeinde,43
72325005,Südeifel,Verbandsgemeinde,65
72325006,Prüm,Verbandsgemeinde,44
72325007,Speicher,Verbandsgemeinde,9
72325008,Bitburger Land,Verbandsgemeinde,71
72335001,Daun,Verbandsgemeinde,38
72335004,Kelberg,Verbandsgemeinde,33
72335006,Gerolstein,Verbandsgemeinde,38
72355001,Hermeskeil,Verbandsgemeinde,13
72355003,Konz,Verbandsgemeinde,12
72355004,Ruwer,Verbandsgemeinde,20
72355006,Schweich an der Römischen Weinstraße,Verbandsgemeinde,19
72355007,Trier-Land,Verbandsgemeinde,11
72355008,Saarburg-Kell,Verbandsgemeinde,29
73110000,Frankenthal (Pfalz),Verbandsfreie Gemeinde,1
73120000,Kaiserslautern,Verbandsfreie Gemeinde,1
73130000,Landau in der Pfalz,Verbandsfreie Gemeinde,1
73140000,Ludwigshafen am Rhein,Verbandsfreie Gemeinde,1
73150000,Mainz,Verbandsfreie Gemeinde,1
73160000,Neustadt an der Weinstraße,Verbandsfreie Gemeinde,1
73170000,Pirmasens,Verbandsfreie Gemeinde,1
73180000,Speyer,Verbandsfreie Gemeinde,1
73190000,Worms,Verbandsfreie Gemeinde,1
73200000,Zweibrücken,Verbandsfreie Gemeinde,1
73310003,Alzey,Verbandsfreie Gemeinde,1
73315001,Alzey-Land,Verbandsgemeinde,24
73315002,Eich,Verbandsgemeinde,5
73315003,Monsheim,Verbandsgemeinde,7
73315005,Wöllstein,Verbandsgemeinde,8
73315006,Wörrstadt,Verbandsgemeinde,13
73315007,Wonnegau,Verbandsgemeinde,11
73320002,Bad Dürkheim,Verbandsfreie Gemeinde,1
73320024,Grünstadt,Verbandsfreie Gemeinde,1
73320025,Haßloch,Verbandsfreie Gemeinde,1
73325001,Deidesheim,Verbandsgemeinde,5
73325002,Freinsheim,Verbandsgemeinde,8
73325005,Lambrecht (Pfalz),Verbandsgemeinde,7
73325006,Wachenheim an der Weinstraße,Verbandsgemeinde,4
73325007,Leiningerland,Verbandsgemeinde,21
73335002,Eisenberg (Pfalz),Verbandsgemeinde,3
73335003,Göllheim,Verbandsgemeinde,13
73335004,Kirchheimbolanden,Verbandsgemeinde,16
73335006,Winnweiler,Verbandsgemeinde,13
73335007,Nordpfälzer Land,Verbandsgemeinde,36
73340007,Germersheim,Verbandsfreie Gemeinde,1
73340501,Wörth am Rhein,Verbandsfreie Gemeinde,1
73345001,Bellheim,Verbandsgemeinde,4
73345002,Hagenbach,Verbandsgemeinde,4
73345003,Jockgrim,Verbandsgemeinde,4
73345004,Kandel,Verbandsgemeinde,7
73345005,Lingenfeld,Verbandsgemeinde,6
73345006,Rülzheim,Verbandsgemeinde,4
73355001,Bruchmühlbach-Miesau,Verbandsgemeinde,5
73355002,Enkenbach-Alsenborn,Verbandsgemeinde,8
73355008,Ramstein-Miesenbach,Verbandsgemeinde,5
73355009,Weilerbach,Verbandsgemeinde,8
73355010,Otterbach-Otterberg,Verbandsgemeinde,12
73355011,Landstuhl,Verbandsgemeinde,12
73365008,Lauterecken-Wolfstein,Verbandsgemeinde,41
73365009,Oberes Glantal,Verbandsgemeinde,23
73365010,Kusel-Altenglan,Verbandsgemeinde,34
73375001,Annweiler am Trifels,Verbandsgemeinde,13
73375002,Bad Bergzabern,Verbandsgemeinde,21
73375003,Edenkoben,Verbandsgemeinde,16
73375004,Herxheim,Verbandsgemeinde,4
73375005,Landau-Land,Verbandsgemeinde,14
73375006,Maikammer,Verbandsgemeinde,3
73375007,Offenbach an der Queich,Verbandsgemeinde,4
73380004,Bobenheim-Roxheim,Verbandsfreie Gemeinde,1
73380005,Böhl-Iggelheim,Verbandsfreie Gemeinde,1
73380017,Limburgerhof,Verbandsfreie Gemeinde,1
73380019,Mutterstadt,Verbandsfreie Gemeinde,1
73380025,Schifferstadt,Verbandsfreie Gemeinde,1
73385001,Dannstadt-Schauernheim,Verbandsgemeinde,3
73385004,Maxdorf,Verbandsgemeinde,3
73385006,Lambsheim-Heßheim,Verbandsgemeinde,6
73385007,Römerberg-Dudenhofen,Verbandsgemeinde,4
73385008,Rheinauen,Verbandsgemeinde,4
73390005,Bingen am Rhein,Verbandsfreie Gemeinde,1
73390009,Budenheim,Verbandsfreie Gemeinde,1
73390030,Ingelheim am Rhein,Verbandsfreie Gemeinde,1
73395001,Rhein-Nahe,Verbandsgemeinde,10
73395002,Bodenheim,Verbandsgemeinde,5
73395003,Gau-Algesheim,Verbandsgemeinde,8
73395006,Nieder-Olm,Verbandsgemeinde,8
73395007,Rhein-Selz,Verbandsgemeinde,20
73395008,Sprendlingen-Gensingen,Verbandsgemeinde,10
73405001,Dahner Felsenland,Verbandsgemeinde,15
73405002,Hauenstein,Verbandsgemeinde,8
73405003,Pirmasens-Land,Verbandsgemeinde,10
73405004,Rodalben,Verbandsgemeinde,6
73405006,Waldfischbach-Burgalben,Verbandsgemeinde,8
73405008,Zweibrücken-Land,Verbandsgemeinde,17
73405009,Thaleischweiler-Wallhalben,Verbandsgemeinde,20
